url1,url2,similarity
https://www.varonis.com/blog/cybersecurity-tips,https://nordlayer.com/learn/network-security/basics/,0.955
https://www.varonis.com/blog/cybersecurity-tips,https://www.fortinet.com/resources/cyberglossary/what-is-network-security,0.959
https://www.varonis.com/blog/cybersecurity-tips,https://www.cisco.com/site/us/en/learn/topics/security/what-is-network-security.html,0.94
https://www.varonis.com/blog/cybersecurity-tips,https://www.trendmicro.com/en_us/what-is/network-security/network-security-basics.html,0.878
https://www.varonis.com/blog/cybersecurity-tips,https://digitdefence.com/blog/fundamentals-of-network-security-in-computer-networks,0.952
https://www.varonis.com/blog/cybersecurity-tips,https://en.wikipedia.org/wiki/Remote_desktop_software,0.923
https://www.varonis.com/blog/cybersecurity-tips,https://www.fortinet.com/solutions/enterprise-midsize-business/network-access/application-access,0.857
https://www.varonis.com/blog/cybersecurity-tips,https://www.microsoft.com/en-us/security/business/security-101/what-is-zero-trust-network-access-ztna,0.94
https://www.varonis.com/blog/cybersecurity-tips,https://www.zscaler.com/resources/security-terms-glossary/what-is-zero-trust-network-access,0.939
https://www.varonis.com/blog/cybersecurity-tips,https://www.fax.plus/,0.891
https://www.cisecurity.org/insights/blog/11-cyber-defense-tips-to-stay-secure-at-work-and-home,https://guardiandigital.com/resources/blog/guide-on-phishing,0.852
https://www.cisecurity.org/insights/blog/11-cyber-defense-tips-to-stay-secure-at-work-and-home,https://www.efax.com/,0.851
https://www.cisecurity.org/insights/blog/11-cyber-defense-tips-to-stay-secure-at-work-and-home,https://www.fax.plus/,0.813
https://www.cisecurity.org/insights/blog/11-cyber-defense-tips-to-stay-secure-at-work-and-home,https://www.w3schools.com/datascience/,0.861
https://nordlayer.com/learn/network-security/basics/,https://www.fortinet.com/resources/cyberglossary/what-is-network-security,0.984
https://nordlayer.com/learn/network-security/basics/,https://www.cisco.com/site/us/en/learn/topics/security/what-is-network-security.html,0.988
https://nordlayer.com/learn/network-security/basics/,https://www.trendmicro.com/en_us/what-is/network-security/network-security-basics.html,0.919
https://nordlayer.com/learn/network-security/basics/,https://digitdefence.com/blog/fundamentals-of-network-security-in-computer-networks,0.978
https://nordlayer.com/learn/network-security/basics/,https://en.wikipedia.org/wiki/Remote_desktop_software,0.979
https://nordlayer.com/learn/network-security/basics/,https://www.fortinet.com/solutions/enterprise-midsize-business/network-access/application-access,0.919
https://nordlayer.com/learn/network-security/basics/,https://www.microsoft.com/en-us/security/business/security-101/what-is-zero-trust-network-access-ztna,0.988
https://nordlayer.com/learn/network-security/basics/,https://www.zscaler.com/resources/security-terms-glossary/what-is-zero-trust-network-access,0.988
https://nordlayer.com/learn/network-security/basics/,https://www.fax.plus/,0.921
https://www.fortinet.com/resources/cyberglossary/what-is-network-security,https://www.cisco.com/site/us/en/learn/topics/security/what-is-network-security.html,0.983
https://www.fortinet.com/resources/cyberglossary/what-is-network-security,https://www.trendmicro.com/en_us/what-is/network-security/network-security-basics.html,0.912
https://www.fortinet.com/resources/cyberglossary/what-is-network-security,https://digitdefence.com/blog/fundamentals-of-network-security-in-computer-networks,0.952
https://www.fortinet.com/resources/cyberglossary/what-is-network-security,https://en.wikipedia.org/wiki/Remote_desktop_software,0.971
https://www.fortinet.com/resources/cyberglossary/what-is-network-security,https://www.fortinet.com/solutions/enterprise-midsize-business/network-access/application-access,0.921
https://www.fortinet.com/resources/cyberglossary/what-is-network-security,https://www.microsoft.com/en-us/security/business/security-101/what-is-zero-trust-network-access-ztna,0.983
https://www.fortinet.com/resources/cyberglossary/what-is-network-security,https://www.zscaler.com/resources/security-terms-glossary/what-is-zero-trust-network-access,0.982
https://www.fortinet.com/resources/cyberglossary/what-is-network-security,https://www.fax.plus/,0.9
https://www.cisco.com/site/us/en/learn/topics/security/what-is-network-security.html,https://www.trendmicro.com/en_us/what-is/network-security/network-security-basics.html,0.916
https://www.cisco.com/site/us/en/learn/topics/security/what-is-network-security.html,https://digitdefence.com/blog/fundamentals-of-network-security-in-computer-networks,0.947
https://www.cisco.com/site/us/en/learn/topics/security/what-is-network-security.html,https://en.wikipedia.org/wiki/Remote_desktop_software,0.983
https://www.cisco.com/site/us/en/learn/topics/security/what-is-network-security.html,https://www.fortinet.com/solutions/enterprise-midsize-business/network-access/application-access,0.912
https://www.cisco.com/site/us/en/learn/topics/security/what-is-network-security.html,https://www.microsoft.com/en-us/security/business/security-101/what-is-zero-trust-network-access-ztna,1.0
https://www.cisco.com/site/us/en/learn/topics/security/what-is-network-security.html,https://www.zscaler.com/resources/security-terms-glossary/what-is-zero-trust-network-access,1.0
https://www.cisco.com/site/us/en/learn/topics/security/what-is-network-security.html,https://www.fax.plus/,0.916
https://www.trendmicro.com/en_us/what-is/network-security/network-security-basics.html,https://digitdefence.com/blog/fundamentals-of-network-security-in-computer-networks,0.9
https://www.trendmicro.com/en_us/what-is/network-security/network-security-basics.html,https://en.wikipedia.org/wiki/Remote_desktop_software,0.901
https://www.trendmicro.com/en_us/what-is/network-security/network-security-basics.html,https://www.fortinet.com/solutions/enterprise-midsize-business/network-access/application-access,0.836
https://www.trendmicro.com/en_us/what-is/network-security/network-security-basics.html,https://www.microsoft.com/en-us/security/business/security-101/what-is-zero-trust-network-access-ztna,0.916
https://www.trendmicro.com/en_us/what-is/network-security/network-security-basics.html,https://www.zscaler.com/resources/security-terms-glossary/what-is-zero-trust-network-access,0.927
https://www.trendmicro.com/en_us/what-is/network-security/network-security-basics.html,https://www.fax.plus/,0.839
https://digitdefence.com/blog/fundamentals-of-network-security-in-computer-networks,https://en.wikipedia.org/wiki/Remote_desktop_software,0.931
https://digitdefence.com/blog/fundamentals-of-network-security-in-computer-networks,https://www.fortinet.com/solutions/enterprise-midsize-business/network-access/application-access,0.864
https://digitdefence.com/blog/fundamentals-of-network-security-in-computer-networks,https://www.microsoft.com/en-us/security/business/security-101/what-is-zero-trust-network-access-ztna,0.947
https://digitdefence.com/blog/fundamentals-of-network-security-in-computer-networks,https://www.zscaler.com/resources/security-terms-glossary/what-is-zero-trust-network-access,0.947
https://digitdefence.com/blog/fundamentals-of-network-security-in-computer-networks,https://www.fax.plus/,0.867
https://guardiandigital.com/resources/blog/guide-on-phishing,https://www.efax.com/,0.821
https://guardiandigital.com/resources/blog/guide-on-phishing,https://sign.dropbox.com/products/dropbox-fax,0.828
https://guardiandigital.com/resources/blog/guide-on-phishing,https://comfax.com/reviews/free-fax/,0.839
https://guardiandigital.com/resources/blog/guide-on-phishing,https://www.w3schools.com/datascience/,0.867
https://en.wikipedia.org/wiki/Remote_desktop_software,https://www.fortinet.com/solutions/enterprise-midsize-business/network-access/application-access,0.896
https://en.wikipedia.org/wiki/Remote_desktop_software,https://www.microsoft.com/en-us/security/business/security-101/what-is-zero-trust-network-access-ztna,0.983
https://en.wikipedia.org/wiki/Remote_desktop_software,https://www.zscaler.com/resources/security-terms-glossary/what-is-zero-trust-network-access,0.982
https://en.wikipedia.org/wiki/Remote_desktop_software,https://www.fax.plus/,0.9
https://www.fortinet.com/solutions/enterprise-midsize-business/network-access/application-access,https://www.microsoft.com/en-us/security/business/security-101/what-is-zero-trust-network-access-ztna,0.912
https://www.fortinet.com/solutions/enterprise-midsize-business/network-access/application-access,https://www.zscaler.com/resources/security-terms-glossary/what-is-zero-trust-network-access,0.912
https://www.fortinet.com/solutions/enterprise-midsize-business/network-access/application-access,https://www.fax.plus/,0.835
https://www.microsoft.com/en-us/security/business/security-101/what-is-zero-trust-network-access-ztna,https://www.zscaler.com/resources/security-terms-glossary/what-is-zero-trust-network-access,1.0
https://www.microsoft.com/en-us/security/business/security-101/what-is-zero-trust-network-access-ztna,https://www.fax.plus/,0.916
https://www.zscaler.com/resources/security-terms-glossary/what-is-zero-trust-network-access,https://www.fax.plus/,0.915
https://www.efax.com/,https://sign.dropbox.com/products/dropbox-fax,0.811
https://www.efax.com/,https://www.fax.plus/,0.89
https://www.efax.com/,https://www.w3schools.com/datascience/,0.978
https://sign.dropbox.com/products/dropbox-fax,https://www.w3schools.com/datascience/,0.848
https://www.fax.plus/,https://www.w3schools.com/datascience/,0.874
https://www.fax.plus/,https://www.dealsofamerica.com/,0.809
https://nytlicensing.com/latest/trends/content-marketing-best-practices-2022/,https://simple.wikipedia.org/wiki/Artificial_intelligence,0.89
https://www.forbes.com/advisor/business/what-is-digital-marketing/,https://en.wikipedia.org/wiki/Content_marketing,0.835
https://www.forbes.com/advisor/business/what-is-digital-marketing/,https://simple.wikipedia.org/wiki/Content_marketing,0.96
https://sproutsocial.com/insights/social-media-marketing-strategy/,https://en.wikipedia.org/wiki/Digital_marketing,0.928
https://en.wikipedia.org/wiki/Content_marketing,https://simple.wikipedia.org/wiki/Content_marketing,0.865
